,walmart,soriana,aurrera,superama
01/01/2010,1.01409505,2.161578017,-0.246606675,-0.960683704
02/01/2010,-0.428644885,2.12073741,2.82197333,0.228357096
03/01/2010,1.72724382,0.653893909,2.335575567,-0.335919159
04/01/2010,2.065768638,-0.728930476,-0.774648853,0.792739693
05/01/2010,1.739554168,-1.5863491,-1.716900445,-0.164010661
06/01/2010,-1.709659335,1.04098755,1.634068499,-0.820685158
07/01/2010,2.461105764,-1.962932643,1.839174717,1.167886729
08/01/2010,0.059333728,-1.48596322,-0.347362037,1.759029463
09/01/2010,0.589694151,1.501686094,-1.899220019,-0.599614125
10/01/2010,2.647564309,2.571852226,0.0020444,0.293986257
11/01/2010,2.655437819,0.877484511,0.143569847,-1.133374003
12/01/2010,2.387870898,-0.236918113,-0.828303646,-0.857806005
13/01/2010,-0.224949199,-0.783754721,-0.147411499,-1.055622615
14/01/2010,-1.894705019,-0.821618016,2.540807063,0.84506302
15/01/2010,2.923120261,-1.524481992,0.258874609,0.736631649
16/01/2010,-0.184589662,1.256087009,2.332386849,0.039869658
17/01/2010,1.21594724,1.054840469,-0.033126973,-1.455658814
18/01/2010,2.211100218,2.6523508,0.465531091,-0.266381147
19/01/2010,-1.079103748,1.69016537,2.860588376,2.36931535
20/01/2010,2.939514973,-1.218878685,1.263576822,2.22105223
21/01/2010,-1.953200024,-1.390522675,1.321222625,2.762015923
22/01/2010,2.778257214,-1.101186081,1.167820775,-1.690804769
23/01/2010,1.546929135,0.139433014,-1.932535112,-0.011168689
24/01/2010,2.512334159,1.754646417,2.526085325,-0.066524546
25/01/2010,2.799092125,-1.195426191,-0.884179704,2.429522865
26/01/2010,2.516911823,-0.674532987,1.30973168,-1.527613318
27/01/2010,-0.23950715,0.373420277,2.224420185,0.282491601
28/01/2010,0.202218677,1.153121681,-0.686333527,-0.955553779
29/01/2010,-1.048612115,-1.254769352,0.313320041,1.426123727
30/01/2010,0.571955996,0.01758797,0.49179904,0.829495737
31/01/2010,-1.226640575,-1.352406211,2.259591124,-1.801739647
01/02/2010,-1.575214779,-1.540011612,-0.036261498,1.033737655
02/02/2010,-0.726072812,0.266249618,1.064766893,0.561316905
03/02/2010,0.213647389,-0.649118983,-0.444629691,2.04693463
04/02/2010,2.874270712,1.432772298,1.126280577,0.805426004
05/02/2010,-1.279812367,1.315332279,-1.613279344,0.345312884
06/02/2010,0.749476524,2.068502354,0.46701697,0.532997992
07/02/2010,-1.46632101,2.359713636,-0.835996538,1.673757754
08/02/2010,1.903991437,1.653997528,-1.512557163,-0.143923471
09/02/2010,-1.351546981,-1.673804613,0.644182036,1.732192686
10/02/2010,-0.722509114,0.414829398,-1.211131621,-1.878910398
11/02/2010,-0.48674052,1.276682036,-1.132854287,0.690212072
12/02/2010,1.62910199,1.519930629,-0.93345789,-1.337095399
13/02/2010,0.488940844,2.593364082,-1.10017222,-0.903336371
14/02/2010,0.800624632,2.568779278,0.136183069,-0.634461381
15/02/2010,2.496059644,1.534460414,0.308761914,1.481515795
16/02/2010,-1.886250378,0.884026887,-1.421009695,-1.299831613
17/02/2010,-1.573370905,1.109817868,1.605504285,1.289516473
18/02/2010,1.332652299,-1.618361348,1.242823407,0.977197263
19/02/2010,-0.226818901,-0.583238799,-1.96731148,2.200111108
20/02/2010,-0.745138758,-1.323299294,0.421970796,1.921741878
21/02/2010,-0.947072811,0.182900806,-1.963701501,-0.661888721
22/02/2010,-0.443007836,-1.094584991,0.570856333,1.449132703
23/02/2010,1.646205857,-0.517183883,1.21637724,-0.22008186
24/02/2010,2.037496459,-0.740524801,1.848472091,1.086939565
25/02/2010,-1.889884657,1.737690134,-0.820570437,-0.794303351
26/02/2010,0.355594513,1.921841417,2.777738692,1.591857438
27/02/2010,2.979392027,0.979813975,0.180260382,-0.959690067
28/02/2010,1.291846904,-1.904350168,-1.915490224,-1.39546084
01/03/2010,1.887997596,-1.620043106,-1.237364628,1.830050715
02/03/2010,0.855162123,0.67498487,0.715912549,0.389788844
03/03/2010,0.049344363,-0.088979562,2.410242153,2.547697361
04/03/2010,-1.035779734,-1.630120744,1.692562461,0.719814548
05/03/2010,-0.947303121,-0.421951684,2.045397338,0.515033329
06/03/2010,0.787238736,0.875635624,0.023925388,2.57117019
07/03/2010,0.209653577,-0.93392497,1.601997563,0.262285965
08/03/2010,-1.851347793,0.19990107,1.676799795,-1.19130811
09/03/2010,0.91430962,-1.433099397,-0.883884283,-1.774855406
10/03/2010,-0.137637631,-0.614160783,-0.53864623,0.085037747
11/03/2010,0.481862968,2.97967915,2.796405806,2.010348977
12/03/2010,-0.400398533,0.425521741,2.960208303,0.062373559
13/03/2010,-0.444794836,-0.799177663,1.211641808,1.144405475
14/03/2010,1.265667555,-0.353630596,2.48917791,1.443430111
15/03/2010,1.816549797,-0.950013911,2.506665743,2.763907892
16/03/2010,2.284780784,0.381411754,2.173511844,0.630518983
17/03/2010,1.06408382,1.336431166,-1.973876007,0.556220812
18/03/2010,-0.839149062,2.500552261,1.593622089,0.993956301
19/03/2010,0.326239808,-0.836980481,2.833085718,0.664406561
20/03/2010,-0.002075913,0.24810397,2.512523805,1.750564087
21/03/2010,0.698721139,1.217343827,0.831064064,1.081680069
22/03/2010,-1.067013665,2.213214622,0.041703607,0.904421965
23/03/2010,0.625153433,-0.344265865,1.080197409,0.483168026
24/03/2010,-0.845489398,0.486597543,-1.757860146,-1.753020088
25/03/2010,1.590755896,0.976884157,-1.880623392,-0.158581754
26/03/2010,-0.260616719,0.734579031,0.323685984,-1.16407169
27/03/2010,-0.0852267,-1.294004999,2.634664166,-0.100881154
28/03/2010,1.472504507,2.140611955,2.265729083,0.127297656
29/03/2010,0.563770884,0.618055354,0.247674908,0.086457257
30/03/2010,-1.122140332,2.64145237,2.356378151,2.665812238
31/03/2010,2.973681222,0.943845815,0.472550824,1.031619103
01/04/2010,1.445559215,1.184430021,2.012386018,2.224184107
02/04/2010,1.721847395,-0.737273811,0.369572269,-0.767768127
03/04/2010,0.302607931,-1.860177649,-1.086146153,-1.43826053
04/04/2010,-0.532883648,1.67451669,2.820434733,-0.842512412
05/04/2010,2.387064206,-0.994183202,-1.666517366,0.463087217
06/04/2010,0.142157148,0.637979583,0.054624262,2.799986191
07/04/2010,1.875099606,0.38994164,-0.812132485,-1.947547369
08/04/2010,0.952586669,-1.185581565,0.40510586,-0.798606162
09/04/2010,0.505890519,2.694809831,2.664400345,-0.853273332
10/04/2010,-0.70641912,-0.407309484,0.985906492,0.010778683
11/04/2010,1.838178001,1.925644817,2.281762463,2.930340205
12/04/2010,-0.423760525,0.538631087,2.631240095,-0.152130863
13/04/2010,-0.535299738,0.362185386,-1.871225197,2.097621857
14/04/2010,1.76323289,1.397542325,-1.129860453,0.475015805
15/04/2010,-0.833564878,2.755991101,2.508701591,-1.174858065
16/04/2010,-0.955266916,-0.228370676,2.390261039,-1.43089699
17/04/2010,1.970633047,-0.996231933,-0.423143637,1.253407505
18/04/2010,2.947021131,-0.758515321,1.023993383,-1.004759694
19/04/2010,0.626691186,1.013977574,2.973847526,0.082744651
20/04/2010,2.26315204,2.052982897,-1.250430762,2.203841058
21/04/2010,1.271017162,0.652634828,0.192789659,-1.146433115
22/04/2010,-1.177235085,-1.727128615,-1.675618862,-1.096328473
23/04/2010,-0.354830754,1.471728135,2.935306722,-0.130207908
24/04/2010,0.509215401,0.079965936,-0.789015085,0.454361781
25/04/2010,-1.906199991,0.018881535,-0.411947748,-0.790013182
26/04/2010,-1.811055907,0.527553295,-1.159606886,-0.51445457
27/04/2010,2.087624579,-1.840651788,2.72119347,0.801398987
28/04/2010,-0.095760617,0.724841877,-0.04240281,0.036073874
29/04/2010,2.727122385,0.417003984,2.574888504,1.792626701
30/04/2010,-0.603768083,2.096993982,-1.053612511,-1.21835798
01/05/2010,2.313914563,-1.394168857,0.01510153,1.46206215
02/05/2010,2.867898307,0.730595333,0.660116044,-0.783524498
03/05/2010,0.057218585,0.790384532,0.244595655,-1.093313701
04/05/2010,-1.661499835,0.896685678,1.478299816,1.8546305
05/05/2010,-0.702300074,1.557325869,-0.905311025,1.332819036
06/05/2010,-0.967048706,1.42265197,0.286858551,2.193698523
07/05/2010,1.60804057,0.989644349,-1.696055082,2.362189426
08/05/2010,-0.572421142,-1.299453017,-1.8570378,-0.871187171
09/05/2010,1.995223583,2.993623198,-1.750159913,0.65948096
10/05/2010,0.648832413,2.805306932,0.687417825,0.620108482
11/05/2010,-1.108045657,2.294855975,2.977705492,0.528770654
12/05/2010,1.688806741,0.0187385,-0.673753606,0.850363075
13/05/2010,0.60604143,0.748659101,-0.213215468,-1.261986068
14/05/2010,-0.971573722,0.054884139,1.671519118,1.483958281
15/05/2010,-0.459334953,0.523731999,0.898802145,2.155671757
16/05/2010,-1.637294118,1.892513844,1.062381731,1.483505131
17/05/2010,0.988535547,0.894760177,1.926964663,1.680184334
18/05/2010,1.62427439,2.6618587,1.718062126,0.581831339
19/05/2010,-1.479525491,0.476159077,-0.83828419,-0.222634669
20/05/2010,2.326598398,2.064248004,-0.367819971,-0.211581734
21/05/2010,-0.896560769,0.509009228,-0.921666884,-1.057251873
22/05/2010,0.697959439,0.028781365,1.266394675,-1.601344527
23/05/2010,2.659754199,2.526809975,2.810204823,2.878259999
24/05/2010,1.647609851,1.464126004,-1.245140268,2.947330912
25/05/2010,2.573566545,0.224344885,0.429250785,-1.911155876
26/05/2010,-0.072224237,0.821362027,2.360952193,1.711623375
27/05/2010,1.442422816,-1.032962549,1.421742177,-1.515508875
28/05/2010,1.837533926,-1.541645424,1.885289964,-0.193778976
29/05/2010,-1.630072065,1.909267549,1.697891379,2.02822431
30/05/2010,0.749664753,1.374239964,-0.674384153,-0.215156504
31/05/2010,-1.131867165,2.73024902,-1.214958785,-1.697609792
01/06/2010,-1.028214816,-1.285015989,-1.448487435,2.34549265
02/06/2010,-0.559348766,2.325428393,2.111056542,-0.480633675
03/06/2010,2.709409155,-1.182933847,2.200286391,-1.811192257
04/06/2010,2.539539811,0.514682639,1.412816789,2.432929927
05/06/2010,2.861527653,-0.582525928,1.691320339,0.784930237
06/06/2010,2.457931591,2.117016227,2.621208604,-1.975966021
07/06/2010,2.171128579,1.313945043,2.079847807,2.449664911
08/06/2010,2.909434395,2.77798779,-0.143727822,0.245751857
09/06/2010,-0.11039069,2.377898972,-1.5690582,-0.751435255
10/06/2010,2.475007878,2.633343916,1.774106082,-1.263439285
11/06/2010,-0.255747384,0.533047268,-0.565091387,0.258255705
12/06/2010,0.283649553,-1.7874339,0.507235048,1.575336618
13/06/2010,2.174622056,1.440709449,2.87921891,-0.300601603
14/06/2010,0.11342836,-1.140457816,2.17065238,-1.844574594
15/06/2010,-1.968485133,2.186644095,1.395851383,-1.490523144
16/06/2010,2.247491033,2.536030033,1.770986932,-0.444020369
17/06/2010,1.106965705,-1.885826368,0.819434543,2.219994071
18/06/2010,-0.403560992,0.254157277,0.424054916,-1.186291067
19/06/2010,1.230755489,-1.133628675,2.429235589,0.67301377
20/06/2010,0.349783269,-0.808330382,-1.48505081,-0.359430515
21/06/2010,0.604940565,-1.43593736,0.207178629,-0.229347591
22/06/2010,-0.153067218,2.737276881,0.407113762,-0.281664552
23/06/2010,1.663583206,0.132255944,0.167665124,1.027100186
24/06/2010,0.648570186,-0.24408452,-1.590931146,0.629441304
25/06/2010,2.244050394,-0.912864237,-1.119528567,0.039127963
26/06/2010,1.9828095,-0.187547723,0.206072128,-1.403391589
27/06/2010,0.643341659,2.063875463,2.594745894,2.707528701
28/06/2010,1.882854731,2.14341648,-0.606383714,-1.634140114
29/06/2010,-1.156904285,1.014802211,1.651532877,-1.979424759
30/06/2010,0.165402144,1.711714139,0.209959916,1.670005715
01/07/2010,0.892300268,2.101703125,-1.078548383,-0.838422617
02/07/2010,1.505903932,1.534523693,1.607007853,1.646787042
03/07/2010,1.952994679,-1.735399361,2.338084389,1.580336317
04/07/2010,2.176137399,2.424199724,2.163139434,-0.016720198
05/07/2010,0.270518831,1.683858469,2.464717856,0.47115757
06/07/2010,-0.075162812,-1.669580796,1.813427542,1.706639776
07/07/2010,1.906763171,1.937521472,-1.583876521,-0.671821762
08/07/2010,2.690294136,-0.277012265,2.926237797,-0.492106558
09/07/2010,2.494876162,-1.429815655,0.44555987,-1.169891819
10/07/2010,-1.429937434,0.00357084,0.193555157,0.741013163
11/07/2010,-1.814773588,2.170649241,1.578035727,1.545274777
12/07/2010,2.328073653,1.329655132,-0.02424752,0.91177422
13/07/2010,1.732867325,-1.743852426,-0.980926429,2.233049388
14/07/2010,2.334821601,0.739061183,-0.169326317,2.915689446
15/07/2010,-0.625763314,-0.94145046,2.148854913,0.85163538
16/07/2010,0.367155587,1.579233753,-1.529689948,1.845806459
17/07/2010,-0.572739525,-1.105995826,1.205361057,1.682643002
18/07/2010,-1.653380941,-0.470455014,2.72938587,-0.486253424
19/07/2010,-1.726424185,1.665575868,0.945379076,-1.311545512
20/07/2010,-1.757985863,1.734832038,0.883477363,-1.84020576
21/07/2010,1.876754989,1.276178292,1.913240887,0.069106306
22/07/2010,0.784297352,0.33384917,-1.811515449,2.314539909
23/07/2010,-0.561647332,-1.452297868,1.386908228,-0.398451228
24/07/2010,-0.367275897,-0.255248253,0.249129064,0.769005669
25/07/2010,-0.231422594,-1.115467236,-0.730717219,-1.417524303
26/07/2010,-1.681914724,-0.771914698,2.641957379,-0.100460738
27/07/2010,0.858839796,2.835481975,-0.946986128,-1.76843613
28/07/2010,-1.108468088,0.729568006,1.931575127,2.87910346
29/07/2010,2.719051904,1.917352009,1.067556395,2.799543733
30/07/2010,-1.946562203,0.941081933,-0.325318253,0.21996666
31/07/2010,-0.1597366,1.743351727,0.267603014,1.746388638
01/08/2010,1.987759449,-1.891842914,-1.684972221,0.136478017
02/08/2010,0.880879966,-1.891784352,-0.111907468,2.668119555
03/08/2010,1.794466134,0.791165347,-1.982868396,-0.514500907
04/08/2010,-0.99677387,-0.831568239,-0.054538029,2.653481325
05/08/2010,0.571921859,1.380496833,0.563406473,2.089865182
06/08/2010,0.128503222,0.622661436,-0.534091323,-0.657075863
07/08/2010,-0.982582726,-1.925968248,2.707400095,0.073882863
08/08/2010,2.647206038,2.25789606,-1.987399077,0.230744674
09/08/2010,2.619299218,-1.31278125,1.799187484,2.611713968
10/08/2010,0.268845011,2.893075874,-0.186747907,1.88034525
11/08/2010,-1.78806422,-0.899383937,1.516056024,-1.125592669
12/08/2010,-0.176227729,0.956829572,0.214407283,0.582144347
13/08/2010,1.595467731,0.064181002,1.71743939,2.196171597
14/08/2010,1.657008217,-0.141364647,0.520775881,-0.038025708
15/08/2010,2.217297075,-1.542907747,2.725968189,-1.157261937
16/08/2010,-0.898180175,-0.019004544,-1.479975499,1.280856653
17/08/2010,-1.150946084,1.182082045,-1.723554007,0.457789411
18/08/2010,2.143835349,2.016622407,1.53387724,-0.418913643
19/08/2010,2.408256464,2.231305344,-0.12170561,-1.89842607
20/08/2010,-1.966178676,-0.38134385,-0.15304262,0.361110559
21/08/2010,-0.751176099,0.68658987,0.687849737,2.982364316
22/08/2010,2.500807886,0.059595226,-1.767887127,0.1462645
23/08/2010,-0.746059611,1.498012934,0.872746876,-0.070651644
24/08/2010,1.513517097,1.303351149,-1.348800965,2.20206056
25/08/2010,-0.531280038,0.388136803,-0.664179336,1.134609138
26/08/2010,0.078019532,1.754281797,1.846112345,0.316974597
27/08/2010,-1.180680817,-0.174631928,1.18168676,2.065464957
28/08/2010,2.492682048,-0.768777316,-1.979863153,2.983411763
29/08/2010,0.839510641,1.202892482,1.495607311,-1.515392011
30/08/2010,1.165607432,-1.381910241,-0.655188368,2.983805265
31/08/2010,0.796073037,0.533412519,1.07971844,0.306999657
01/09/2010,2.135770627,-0.720437773,-0.729826339,2.282687291
02/09/2010,1.716460454,-1.476764678,-0.860241315,2.187198756
03/09/2010,-1.379660414,-1.569323595,2.355091644,0.52175766
04/09/2010,-0.234654678,-1.123244924,-0.602419277,-0.765244181
05/09/2010,-0.307691765,1.540897956,0.880797443,0.021752865
06/09/2010,0.657594825,-1.497498725,-1.684233221,-0.816562401
07/09/2010,2.308744471,-0.173538141,-0.439114339,1.011346789
08/09/2010,1.593633564,-1.384479781,1.821382882,1.736633047
09/09/2010,2.795037788,0.709037924,-0.123362991,2.824733924
10/09/2010,0.388012413,2.635076548,0.470772796,1.521506007
11/09/2010,1.609124051,-1.918029441,-1.969738787,-0.829792946
12/09/2010,1.241330736,0.401972986,1.57318281,0.200225421
13/09/2010,2.259950289,1.671235049,-1.136826912,-1.583047413
14/09/2010,0.049433982,-0.915325774,-1.623365233,-0.043943271
15/09/2010,-1.155860391,-0.81137484,-0.795132133,2.630448658
16/09/2010,0.242553723,-1.522783907,1.677642576,-0.481506457
17/09/2010,2.499619097,1.43469266,-1.754218224,-0.841484205
18/09/2010,1.593672905,0.316327552,-0.454603783,-1.297569254
19/09/2010,-0.966753319,2.039661366,-0.546942738,2.281683991
20/09/2010,0.420843614,-0.50655302,0.023008456,-0.186551977
21/09/2010,2.485617722,-1.223820748,2.667871617,1.758456965
22/09/2010,2.680979629,-0.734596867,1.555534985,-1.751625942
23/09/2010,0.018674204,2.720541175,2.046986566,-1.251405838
24/09/2010,1.44509896,2.33871661,-0.45628357,2.895574029
25/09/2010,1.295678776,-0.797056206,-0.204189245,-0.709582948
26/09/2010,-1.157143094,-1.950553325,2.083454319,-0.426025587
27/09/2010,0.388880604,1.108249139,2.223257323,2.27191308
28/09/2010,2.673991899,-0.936420802,0.05589535,-0.151827459
29/09/2010,-0.591414293,-1.442449023,-1.257686579,-0.386154327
30/09/2010,-1.300740749,0.438533703,1.1227199,-0.810846261
01/10/2010,1.55558176,1.404706888,2.062741529,1.938760293
02/10/2010,2.195902877,0.598778289,-0.919719629,-0.062369697
03/10/2010,0.646720113,-1.393649219,2.363545094,0.057723011
04/10/2010,2.74772217,-1.491225355,2.46281291,2.428240207
05/10/2010,0.926142586,-1.966176668,-1.947666163,2.798715263
06/10/2010,-0.270648637,1.525163884,2.080917253,0.650503584
07/10/2010,0.530408609,-1.553004521,1.408835338,-0.999457384
08/10/2010,2.545413605,-0.707243788,-0.023702444,2.756598179
09/10/2010,-1.541453674,2.726325173,-1.651619602,2.335996945
10/10/2010,1.458930387,-1.074490339,-0.357016869,2.028396767
11/10/2010,1.705532686,0.295751868,-0.383649212,1.805691356
12/10/2010,1.582007211,-0.662896684,2.369082162,-1.610599832
13/10/2010,0.502043298,-0.481660442,-0.890915273,2.992467601
14/10/2010,2.195862155,-0.60434731,-1.351642102,-1.51760873
15/10/2010,-0.443473581,-0.259112622,1.727336746,-1.545966111
16/10/2010,-0.18128495,2.713197906,-1.040719208,-1.925357512
17/10/2010,2.475380388,-0.288508456,2.13846874,1.822222403
18/10/2010,0.11748068,-1.848946837,-1.570343961,0.817607681
19/10/2010,-0.955311081,-0.795848159,1.037443528,2.623601855
20/10/2010,-0.144269655,-0.645859471,1.442177949,1.339055059
21/10/2010,0.52711865,1.13962179,-1.32377779,1.408843937
22/10/2010,-1.819429214,0.000401631,1.649974164,0.828731975
23/10/2010,0.231937206,-1.224957826,1.27226605,0.386451861
24/10/2010,2.222268058,-1.612319686,-1.72643378,0.900753809
25/10/2010,2.692191332,0.546810556,0.2183285,0.419196566
26/10/2010,-1.272907498,-0.664431911,-1.424402897,-1.548168681
27/10/2010,0.130434989,1.802019586,-1.741666105,-0.265965292
28/10/2010,-0.767371985,-0.857658026,2.792031288,1.925176445
29/10/2010,2.566195477,1.215682692,-1.789635354,-0.567472251
30/10/2010,2.208034409,0.333060444,-0.368427427,-0.740422092
31/10/2010,1.438738171,-1.114706225,1.751164188,-1.080016054
01/11/2010,-0.789419077,0.329878694,-1.87708121,1.601358436
02/11/2010,-0.156499628,1.431338391,-1.803446435,1.144850367
03/11/2010,2.664827015,0.064637957,0.355783168,0.58501711
04/11/2010,2.20362728,2.333642944,-0.189230405,-1.345730996
05/11/2010,0.214359909,-0.795894761,2.046682403,-0.829603479
06/11/2010,-1.58056803,1.568622404,-1.711482512,-0.18128577
07/11/2010,1.277393206,0.475340611,0.071794272,2.963407081
08/11/2010,-0.62902595,-0.721863953,1.069679858,0.459949865
09/11/2010,-0.199972622,-0.814426269,-0.412167256,-1.478483527
10/11/2010,1.629963464,2.337878825,2.413507526,1.318059627
11/11/2010,-0.854486936,0.711458936,-0.648261583,-1.032324399
12/11/2010,-0.068697157,-1.178460227,2.776075831,1.972451214
13/11/2010,-1.497987293,1.174711137,1.869986931,1.000147789
14/11/2010,0.296282493,-1.495650548,-0.98539232,-1.25237308
15/11/2010,-1.264719464,2.613175581,0.992421101,1.880537182
16/11/2010,-0.525384788,-0.255646371,2.62245243,2.53692745
17/11/2010,-1.045338732,0.773857027,1.667660877,0.335099037
18/11/2010,2.593551129,1.165373332,-0.631962301,1.194727074
19/11/2010,1.719412258,-1.300773577,0.681954016,1.090722187
20/11/2010,2.444524823,-0.722154374,-1.983531649,2.073756134
21/11/2010,0.281589587,-1.755700552,1.168769491,2.951931552
22/11/2010,1.470529986,0.003048588,0.430036953,2.843151391
23/11/2010,1.625142022,1.286732136,-1.445912592,-0.247878733
24/11/2010,2.286970592,-1.506814487,0.603776307,0.139854186
25/11/2010,-1.043140134,0.713703321,2.989765592,1.381987361
26/11/2010,2.234183246,2.090214067,-1.669252585,-0.25724213
27/11/2010,-0.19273376,1.434816748,2.304912539,2.066237732
28/11/2010,1.882425284,1.030586763,-1.76173747,2.13366233
29/11/2010,0.170747344,0.1058136,-0.721381607,-0.497176924
30/11/2010,-1.10210079,-1.248331461,-0.503582063,-0.775290972
01/12/2010,-0.499129458,1.421539344,2.268094126,0.941321603
02/12/2010,2.9705984,1.411259031,-0.534659504,1.350426705
03/12/2010,-1.960682255,0.375663514,2.371369551,2.066595922
04/12/2010,2.080364214,2.609260536,2.546914767,-0.285421447
05/12/2010,-0.966282186,-0.192295827,-0.26324119,-0.27077296
06/12/2010,-1.301455142,0.437510854,-1.463150386,-1.319039145
07/12/2010,1.819416041,1.651251898,2.444497899,-0.624148339
08/12/2010,2.890147085,0.970504534,-1.996844501,-1.493804672
09/12/2010,0.636928753,-1.914872676,0.271623002,-0.051427822
10/12/2010,2.136846158,0.066184688,0.308741483,-1.597839492
11/12/2010,2.3577733,-0.642142318,-1.589743488,0.309175751
12/12/2010,-0.49461532,-1.219176737,0.007240151,0.030426346
13/12/2010,-1.16504958,2.261739641,0.232382629,-0.451510206
14/12/2010,2.059071828,0.085140493,1.968081313,-1.82112009
15/12/2010,2.512113509,2.387468709,1.903563709,-0.700503766
16/12/2010,-1.792209266,1.002736664,2.148254512,-0.409764003
17/12/2010,-0.698180823,-1.336916996,1.123747535,-0.907165719
18/12/2010,-0.347287522,-0.478949585,0.923719656,1.567605567
19/12/2010,1.440725015,1.642627088,2.204453204,0.54862588
20/12/2010,-1.376209448,2.559210319,2.704655065,2.304345782
21/12/2010,2.721230261,-0.9453944,0.94400983,1.100449314
22/12/2010,-0.969871776,1.685392562,1.532584381,2.416853359
23/12/2010,-0.983791496,-1.467073231,0.102039415,1.469960486
24/12/2010,2.203353224,0.174066252,1.460620401,1.959828229
25/12/2010,1.520454315,1.033383333,2.254276637,1.880765076
26/12/2010,-1.638752667,-1.809488475,-0.181089415,-0.49674531
27/12/2010,0.5397985,1.162600709,1.058838544,1.093321087
28/12/2010,0.407736012,0.802260674,2.518684243,-0.951206802
29/12/2010,-1.455859493,-0.946230469,0.683257887,2.270096033
30/12/2010,-1.599840811,1.287722174,-0.163579331,0.140768209
31/12/2010,2.017845138,1.301703905,0.492103842,1.455250845
01/01/2011,0.237466428,2.866344383,0.834790171,1.42452236
02/01/2011,0.097961189,0.222139468,0.441743026,0.286211878
03/01/2011,-0.000362038,-1.478686619,2.440702127,0.814593546
04/01/2011,0.284465653,-1.001154941,1.080041949,1.328995064
05/01/2011,1.724127677,2.783719647,-1.414673114,1.801841011
06/01/2011,2.739404443,-0.821873086,1.020325276,1.778948172
07/01/2011,1.625328952,1.575360231,2.865717572,-1.772260918
08/01/2011,-1.606021203,2.372734828,-0.133956799,0.809501804
09/01/2011,1.653646193,0.798169626,-0.15978975,1.810869092
10/01/2011,0.520756242,-0.441365562,-1.890425342,1.527911332
11/01/2011,-0.720387045,-1.389670474,0.441703491,-0.24528238
12/01/2011,-1.548350477,-0.930309506,2.107030116,0.473620377
13/01/2011,-1.938667485,-1.097720616,-1.628839818,0.851997475
14/01/2011,-0.637063618,0.536177012,-1.647754189,0.761938925
15/01/2011,-1.434213661,-1.582609377,0.283440043,-1.27479992
16/01/2011,2.857760042,0.649672619,-1.615014555,1.307579971
17/01/2011,2.017400987,2.347281413,0.623381927,0.522292253
18/01/2011,2.482229574,2.369541378,2.180289136,2.991251163
19/01/2011,-0.645253309,0.415010229,-1.813728718,0.969866098
20/01/2011,2.256170932,-1.88566668,0.977881074,2.340791455
21/01/2011,-1.360314359,1.403635026,-1.427947031,-1.350049952
22/01/2011,2.34584435,2.270944518,-1.874053021,0.04892642
23/01/2011,2.895484732,-0.743082473,2.985669463,2.687132089
24/01/2011,-1.397877015,2.678168499,-0.243959774,-1.456537721
25/01/2011,0.106984638,-0.651453521,-0.865771354,1.21375658
26/01/2011,-1.084474819,-0.820995818,2.701471404,-0.565292039
27/01/2011,-1.068117212,1.993503553,2.514092741,-1.817168139
28/01/2011,0.342226721,1.397260937,1.024889729,-1.368560944
29/01/2011,1.238277936,2.672224867,-0.305789035,2.187389345
30/01/2011,2.476713461,-1.59696762,1.416672586,-0.721217429
31/01/2011,-0.158303311,-1.949991616,1.361042456,2.599349915
01/02/2011,2.796454486,2.839084674,-1.701781825,2.276876131
02/02/2011,1.564038019,1.502077382,2.956315535,0.168212769
03/02/2011,-0.462682683,2.254585918,1.984356474,0.23144597
04/02/2011,1.822213436,0.904650774,1.802311241,1.284559403
05/02/2011,-1.853205633,2.985947092,0.905483521,-1.673230847
06/02/2011,2.520190249,-1.420878879,-0.385237023,0.186951852
07/02/2011,-1.455228867,2.414532067,1.395666041,0.584242828
08/02/2011,-0.794110164,-1.11206089,1.001434673,-0.026760218
09/02/2011,0.395763545,1.928766369,2.050021757,2.134920782
10/02/2011,-1.660396886,1.988099226,1.007190306,0.450621065
11/02/2011,2.853984848,-1.396244522,-1.37045726,0.774028799
12/02/2011,-1.633112359,-0.798331133,-1.702296414,2.069107194
13/02/2011,-0.384095797,0.841723369,0.244974723,-1.877747875
14/02/2011,-1.778906627,1.460807051,-1.283076882,2.86910318
15/02/2011,2.192320964,0.444625752,2.220451556,2.371291605
16/02/2011,2.818080716,0.972721317,2.08707585,-1.381255587
17/02/2011,1.441205051,-1.820155031,1.955887314,2.617445391
18/02/2011,0.19406443,0.439951519,2.821347473,0.649053
19/02/2011,-0.61775578,-1.906281891,2.478948597,-0.66388274
20/02/2011,-1.416524667,-1.382574322,2.096524871,-1.427471942
21/02/2011,-1.729948977,0.729154954,-0.788883323,0.713170867
22/02/2011,-0.788614708,1.63043554,2.869523622,2.972025495
23/02/2011,-1.25352355,-0.144019552,0.559768473,2.142174182
24/02/2011,0.539106313,1.379783339,-0.84717217,-0.510322069
25/02/2011,-1.568962756,2.443190001,2.865344416,2.952362417
26/02/2011,0.275444382,-0.303466675,0.496516439,2.433640199
27/02/2011,2.35035263,-1.511396102,2.703686423,-1.000960356
28/02/2011,1.490384042,-1.836340461,0.516672831,0.81609043
01/03/2011,1.956040483,-0.812552422,-1.949906938,-1.548832834
02/03/2011,0.724597849,2.66657617,2.202686512,-1.663101077
03/03/2011,2.698252386,1.785809592,2.5627768,-1.537329118
04/03/2011,1.782718948,1.400827441,2.455265491,1.010266284
05/03/2011,1.061134347,-1.451427116,-1.538163521,2.645909042
06/03/2011,0.034549443,2.690750487,-0.552916121,-1.682884381
07/03/2011,2.860735957,1.618852005,1.629086837,0.729218092
08/03/2011,1.082879374,-1.228120359,1.141723699,-0.227597429
09/03/2011,0.284873002,1.388758226,2.912596858,0.157424523
10/03/2011,1.207089405,0.977737813,1.236997029,-0.04641878
11/03/2011,1.696346831,-1.609147737,-0.534031236,-0.217892016
12/03/2011,-1.372790944,1.064641137,-1.649380777,0.129566294
13/03/2011,-0.320894641,-1.951967277,-1.377710893,-1.064482967
14/03/2011,0.618289826,2.948377925,2.794284315,1.87115442
15/03/2011,0.36820719,-0.134797363,2.064299475,-1.883299474
16/03/2011,-0.462571153,1.90312914,0.545276722,2.284611955
17/03/2011,-0.950379042,-0.118996541,-0.686961734,2.267878507
18/03/2011,1.51828638,2.766788522,2.033331016,-1.946500134
19/03/2011,-1.129754837,-1.667218823,2.065136273,0.074871495
20/03/2011,1.019654452,1.012692684,0.99550343,2.596640912
21/03/2011,1.392120406,1.620934472,-0.533144101,1.555544316
22/03/2011,-0.370889817,-1.49262582,-0.630320503,1.40380435
23/03/2011,1.409771922,-1.853215225,-1.965169743,1.683322773
24/03/2011,0.858555991,-0.620603179,1.822363838,1.62753966
25/03/2011,2.748767823,2.181367623,1.086454709,1.56969409
26/03/2011,-1.583594807,-0.845824765,1.756894226,0.678614594
27/03/2011,2.532682109,1.302292178,-1.128139342,0.346245846
28/03/2011,1.531827042,-1.536283343,-1.352478968,2.082366723
29/03/2011,-0.559719478,1.671330538,-0.788003321,2.703809557
30/03/2011,0.697812733,-1.68844886,1.376880158,2.786533143
31/03/2011,1.013849614,1.65799443,-1.186736555,-0.506721042
01/04/2011,1.782848132,-1.320357347,-0.507303628,-0.662567657
02/04/2011,1.479791807,0.78083464,-0.693710577,-0.976958675
03/04/2011,1.578273943,-0.122318777,-0.442485234,-1.495476615
04/04/2011,2.327023459,-0.559133431,2.569402297,2.513762665
05/04/2011,-1.97135652,-1.828297182,2.456606727,0.800551281
06/04/2011,-0.219919651,2.928513364,-0.999328258,0.959629676
07/04/2011,0.486783031,-0.663444276,0.736774577,2.120961995
08/04/2011,2.622480772,2.108831146,1.156188686,0.580493123
09/04/2011,2.358327504,2.989454913,2.122149965,0.160145373
10/04/2011,2.424258397,-0.765035082,1.172054601,0.471080342
11/04/2011,0.579838827,1.287352465,-0.164225239,1.439898316
12/04/2011,-1.287716887,2.579318708,-1.633695783,-1.526001474
13/04/2011,1.086003664,0.338093182,0.711272716,-0.589632458
14/04/2011,2.049807413,0.885334596,2.018954693,-0.30813899
15/04/2011,0.079891063,0.403625127,2.267475253,0.229549631
16/04/2011,2.912185238,0.337403355,1.690152987,-1.899435897
17/04/2011,2.725837736,1.466209271,2.038053237,2.465307582
18/04/2011,2.6863395,1.201361123,0.817464192,1.992661815
19/04/2011,-0.358487974,0.257629773,2.584105803,-1.923440049
20/04/2011,2.442295652,2.762630673,-0.830540763,2.319740718
21/04/2011,-1.96135353,-0.063949104,0.007910409,-0.188953663
22/04/2011,2.614087301,0.549854556,-1.698467378,0.530498294
23/04/2011,1.918966991,2.138621057,-0.103975235,2.88108846
24/04/2011,2.359562353,-0.617521801,-0.527861725,-1.859308115
25/04/2011,1.541425441,-1.797356033,-0.856468162,0.471599545
26/04/2011,-0.75463974,2.79270238,-1.967174737,-0.672342626
27/04/2011,-0.55217858,2.778363963,2.770425468,2.938027484
28/04/2011,2.357415166,-1.383470948,-0.314749137,0.922401436
29/04/2011,-1.838403095,1.893693899,0.898615768,1.779078308
30/04/2011,0.922890124,0.797831308,2.237329546,1.693154325
01/05/2011,-1.991512171,1.212445796,-0.340088023,2.225132885
02/05/2011,-1.959870572,2.328309867,1.098121713,-1.970284519
03/05/2011,0.96624786,-0.339993207,0.471138111,-0.822640067
04/05/2011,0.261888717,1.842015519,2.209054103,0.385173455
05/05/2011,-0.980634032,-1.807235369,-1.328367725,-1.471164532
06/05/2011,2.309206328,0.243189983,2.870695948,-1.959065019
07/05/2011,0.41970718,-0.242239881,2.385105006,-0.680891954
08/05/2011,-0.314856815,-1.931140079,0.071514508,1.189973409
09/05/2011,1.927040376,-0.632113443,-1.523732397,2.638350534
10/05/2011,-1.652888898,-0.208606121,-0.633905656,2.336889941
11/05/2011,1.910152852,-1.910295383,-0.634685209,2.367715062
12/05/2011,-1.590877274,-1.157226877,-0.395780475,2.028275814
13/05/2011,1.103425323,0.322806018,-1.792713753,-0.719164752
14/05/2011,-0.667250303,-0.98103989,1.65361002,2.96356714
15/05/2011,-1.783599898,-0.972774258,1.540964272,1.362828547
16/05/2011,0.218947868,1.705916548,-0.409841789,2.868787827
17/05/2011,0.761619034,2.05507329,1.209992343,-0.353025147
18/05/2011,-0.586393986,1.429375832,0.69729094,2.598943184
19/05/2011,1.530934764,0.797603649,0.592537268,-1.887087803
20/05/2011,0.171346263,0.123887256,2.397044995,-1.342115194
21/05/2011,2.339059778,2.912503998,0.141569768,0.413408394
22/05/2011,-0.630698977,0.896041744,-1.822821496,0.095011632
23/05/2011,-1.629679173,-0.109015386,1.067359058,-0.801099037
24/05/2011,0.216054086,0.665966473,0.383403233,2.485754823
25/05/2011,-0.856996777,2.1251798,-1.530915157,0.452140869
26/05/2011,-0.817345899,0.131506265,1.909158526,2.665105158
27/05/2011,0.28483506,0.595487457,-1.086732654,2.244045456
28/05/2011,2.334698376,2.192555015,-1.485844428,-0.842204117
29/05/2011,1.997351097,2.58866885,-0.050630789,0.094878941
30/05/2011,1.030788104,2.295976762,-0.65390464,1.28858681
31/05/2011,2.760058973,0.149458115,-1.305754653,1.668149241
01/06/2011,-1.348142294,-1.890418421,2.618058368,2.317507102
02/06/2011,1.794622734,1.756276535,-0.987642893,1.657136418
03/06/2011,-1.171606453,0.42946647,-0.484822871,1.743262816
04/06/2011,-1.31975921,0.8797169,-1.174845835,2.293336571
05/06/2011,2.432484476,-1.397802606,-0.582029998,1.262487833
06/06/2011,-0.08931534,-1.626316862,1.223466594,2.814424515
07/06/2011,0.358516353,1.5746389,1.382164551,-0.899445537
08/06/2011,1.27723831,2.540702757,0.311907827,0.740715272
09/06/2011,1.503413536,0.705033223,-1.404116171,2.67086516
10/06/2011,0.087285268,-1.037125824,-0.634839111,-0.478070129
11/06/2011,1.382215086,0.138692611,-0.944728956,-0.159666872
12/06/2011,-1.289504314,1.183263877,-1.634555132,0.428630713
13/06/2011,-0.874814439,-0.386978119,-0.480302258,1.651719342
14/06/2011,0.464880304,-1.214268044,2.578810657,-1.183542235
15/06/2011,1.234196607,-0.543236105,-1.310555185,1.330650463
16/06/2011,1.01750582,-1.703245882,2.555401582,1.36832462
17/06/2011,1.231736361,1.656720778,-0.686145759,0.246624137
18/06/2011,0.779586714,2.649945176,0.381429235,0.973012998
19/06/2011,-1.350624538,2.631810669,-0.527465382,1.130283038
20/06/2011,-0.650592043,-0.835664428,-1.926138197,2.911589412
21/06/2011,-1.550494017,-1.792765983,0.453145229,0.033217142
22/06/2011,0.37591704,2.766844903,-1.248055642,0.38550665
23/06/2011,1.260337959,-0.017782828,-0.532509248,-1.632628143
24/06/2011,1.567681555,0.679017487,2.882874093,2.119367371
25/06/2011,-1.367929655,0.209470252,1.895365409,1.872861812
26/06/2011,2.450483982,2.563752108,-1.364769209,2.201330658
27/06/2011,1.058988261,-0.2898877,-1.827595199,0.947159558
28/06/2011,2.924834552,-1.380011638,1.651306302,2.540332427
29/06/2011,-1.403881263,-1.414430765,0.213234372,-0.007785382
30/06/2011,2.336477366,1.543877451,0.085693744,0.033112534
01/07/2011,2.00679983,2.767174711,0.877203821,-0.766598238
02/07/2011,2.605376912,2.326325976,-1.071184947,2.941794002
03/07/2011,1.673852296,0.942426191,2.212781678,-0.739446482
04/07/2011,2.205040234,1.193984317,1.3494447,-0.84629814
05/07/2011,1.873945978,-0.347194335,0.439242728,0.163834244
06/07/2011,1.875455893,1.939083877,-1.399847662,-1.211026219
07/07/2011,1.999526142,2.379219908,-1.922928242,-1.748774837
08/07/2011,-0.073501534,-0.180777819,0.664871245,2.392736223
09/07/2011,2.171477611,-0.972568975,-1.816731826,0.22156015
10/07/2011,-1.319386659,2.101208987,-1.002568715,2.103655112
11/07/2011,1.094358022,2.526226373,-0.933583007,0.847646139
12/07/2011,2.791560772,1.745374951,-0.762091399,2.953905354
13/07/2011,-0.503508107,0.739155385,0.276824081,1.522003904
14/07/2011,-0.076981633,1.051009456,2.698987958,-0.022227688
15/07/2011,-0.172501419,1.44171434,1.18049947,1.164995583
16/07/2011,1.500603249,-1.485830576,0.527177729,1.131848616
17/07/2011,1.25263945,1.710239568,2.281123715,0.944017121
18/07/2011,0.427677319,1.063822215,0.28237595,-1.461103208
19/07/2011,-1.358947695,2.411344266,-0.371933037,-0.996149821
20/07/2011,1.958775537,-1.992589891,-0.991497229,-0.818081596
21/07/2011,0.090161738,-1.512256709,-1.747021619,-1.790270777
22/07/2011,-0.733632169,1.421158778,-1.156236307,1.37705614
23/07/2011,2.085270257,2.863804236,-0.424919298,2.344088577
24/07/2011,0.076166111,-1.734809977,0.081018508,1.866097509
25/07/2011,1.060428605,1.91353792,2.511037508,1.715805306
26/07/2011,0.90677923,-1.545419423,1.099185562,2.633231368
27/07/2011,1.785934469,2.20459885,1.898968687,-1.217887743
28/07/2011,1.551330142,0.931408481,1.801566217,2.3161869
29/07/2011,1.372336678,0.637447048,0.552116062,0.889556783
30/07/2011,-0.255268723,-1.4078159,2.580001347,2.048907305
31/07/2011,-1.722156966,1.149416379,0.827111663,1.757332251
01/08/2011,-1.372142562,0.296435623,0.217636661,2.751254154
02/08/2011,-1.256822619,-0.035057711,-1.95365525,-0.717994609
03/08/2011,0.796351341,1.545310338,-0.122216143,1.653138813
04/08/2011,0.313621558,-1.767333926,2.803535108,0.426416292
05/08/2011,2.419406843,1.796728675,-1.737699517,2.231527288
06/08/2011,-0.229534294,0.710578111,-0.342348875,1.949749617
07/08/2011,0.150901749,1.491521217,2.243178037,-1.746663408
08/08/2011,1.257612555,2.16765133,-1.425646877,1.74021318
09/08/2011,-1.795282577,-1.975290474,2.378933226,1.050667975
10/08/2011,0.1426701,0.778355709,-1.541871394,-1.548894557
11/08/2011,1.683263477,1.79058049,1.470142693,1.321317888
12/08/2011,2.995497896,-1.300861126,-0.99010974,0.17523495
13/08/2011,-1.321597503,-0.869528374,-1.123296396,-1.618290246
14/08/2011,2.286734345,-1.64412983,0.821224061,-0.024065868
15/08/2011,2.092914282,-0.295100213,1.258175564,-0.641377954
16/08/2011,0.900504234,-0.547120812,2.871850702,2.461366302
17/08/2011,-0.204170396,-0.157669166,-0.200765785,-1.745903488
18/08/2011,-0.021023693,1.535285416,-0.404271281,-0.029318561
19/08/2011,1.286428028,-1.824343615,2.059609487,1.572536407
20/08/2011,1.775156444,-0.64466514,-1.151545767,-0.750143844
21/08/2011,-1.989193573,1.816822046,-0.083478373,-0.081141623
22/08/2011,2.450072022,2.91047058,2.477044184,0.504201702
23/08/2011,-1.784880378,2.249711964,-1.390476568,-0.603011387
24/08/2011,2.165364411,0.315406344,1.059295534,1.494861423
25/08/2011,-1.687474756,2.324434902,-1.349946657,-0.147770273
26/08/2011,1.721619191,0.95600371,1.427461643,0.896074818
27/08/2011,-0.383371264,-1.436514922,1.33858723,0.009418767
28/08/2011,0.192055212,1.470022625,0.343461757,2.14083081
29/08/2011,-1.724310275,-1.314575683,2.154605523,1.453140569
30/08/2011,0.371732606,-1.418063609,1.595789161,0.820166686
31/08/2011,0.921296315,0.389879988,0.277474259,0.081695966
01/09/2011,0.315958317,-0.900586049,-0.547355952,-1.217375887
02/09/2011,2.133680979,1.189742813,1.790473969,2.228784953
03/09/2011,-1.127888103,1.41292947,1.231397987,-0.965166534
04/09/2011,0.786850023,0.775533011,1.264975884,-0.622934951
05/09/2011,-1.766756785,0.748865835,1.504199023,-1.165922495
06/09/2011,-1.256399505,-0.449623203,2.425609618,1.216149027
07/09/2011,0.881266207,-0.391666712,1.411492829,1.928211659
08/09/2011,2.613201677,1.643730302,1.163411192,0.078299251
09/09/2011,-1.863486253,0.489605347,2.859055438,-0.844478985
10/09/2011,1.569920095,2.760147627,-0.673634487,2.410859279
11/09/2011,-1.648468929,1.096551096,2.572833637,0.190281162
12/09/2011,-0.759257337,0.368710635,0.566271654,2.515306062
13/09/2011,-1.453175004,2.40785406,2.367227569,-1.662897067
14/09/2011,-1.49891242,2.869038431,1.399000689,-0.968134467
15/09/2011,0.022101018,2.365230821,1.963306616,0.800027844
16/09/2011,-1.183121371,-0.840840344,0.313362861,-0.10356463
17/09/2011,-1.383669649,-0.626278701,0.117677773,1.027476728
18/09/2011,1.815038262,-0.973628615,1.804524339,1.404521459
19/09/2011,2.142413494,0.04989598,2.551212748,-1.717296206
20/09/2011,1.411642548,1.002907936,-0.050302254,-0.480591488
21/09/2011,-0.94778874,1.59937058,0.276719761,-0.770618722
22/09/2011,2.296419444,1.219489832,0.050854152,2.93869245
23/09/2011,2.785284735,2.683752558,2.059852691,0.197654318
24/09/2011,-0.985468165,0.144818825,0.62361845,-1.303526553
25/09/2011,-1.222079233,-1.56008222,-1.021733903,-1.9739762
26/09/2011,2.495989143,0.519307736,2.955005084,-0.257725098
27/09/2011,-1.893356205,0.998463165,2.789478154,1.948239474
28/09/2011,-0.913167285,-1.809830332,2.302736109,2.828131273
29/09/2011,2.674392125,-0.039637685,2.248146274,1.19351362
30/09/2011,1.644141967,-0.024757406,-1.360274316,2.971361403
01/10/2011,-0.022780867,-1.420048615,-0.287809092,0.308709685
02/10/2011,0.868954263,0.060223232,1.418973387,-1.661235598
03/10/2011,2.585366766,-1.731908316,1.306450032,0.710499039
04/10/2011,0.813856792,1.628230005,-1.166956991,-0.237182142
05/10/2011,-1.344915592,-0.933168209,-1.055067594,-0.335632155
06/10/2011,2.15132243,2.830897313,-1.382883366,-0.706080062
07/10/2011,0.000852642,0.047125727,-0.908517671,0.049395724
08/10/2011,0.795403141,1.90710496,0.084007436,2.081304133
09/10/2011,2.261709893,2.002860433,1.888955792,-0.115247221
10/10/2011,-1.466506617,-0.796799824,2.164537512,0.881720752
11/10/2011,-1.338488942,-1.035895902,2.973257112,1.149621396
12/10/2011,1.652627971,2.842983373,0.895663103,0.326021526
13/10/2011,-1.353554003,-1.531045186,2.949423738,0.771970113
14/10/2011,0.011613043,-1.809106442,2.897947322,-0.742014241
15/10/2011,-1.686480026,1.243635186,0.942504484,0.664541463
16/10/2011,1.113215906,1.866240974,2.985651741,0.712634292
17/10/2011,1.606844366,0.831951024,-0.188624985,1.263266686
18/10/2011,-1.386351586,1.214457377,1.30559469,0.100091831
19/10/2011,-0.318389214,-0.097525982,-1.060240519,-1.185424682
20/10/2011,-0.758625178,1.345284257,-0.031205172,2.213897101
21/10/2011,-1.506087721,-0.545749633,-0.906563893,0.782408668
22/10/2011,0.662892104,0.098300156,-0.288640362,1.880090057
23/10/2011,-1.257559161,1.067822623,-1.795338426,0.109176133
24/10/2011,-0.369319166,0.3770508,-0.20786361,2.189162976
25/10/2011,0.869331533,-1.939194902,2.127910174,2.960782895
26/10/2011,-1.387740058,-1.114023486,-0.991266748,-1.900678391
27/10/2011,2.626799197,-1.567903033,-0.930421803,0.469840323
28/10/2011,2.030907846,2.547693387,2.680793399,-1.097506333
29/10/2011,-0.478624204,-1.599631891,2.704297568,-0.759422962
30/10/2011,-0.864431448,-1.803811607,-0.230375164,2.31400482
31/10/2011,0.728259913,0.362347707,2.827521324,-1.998669027
01/11/2011,1.607547589,-0.08389564,2.857743662,-1.626731886
02/11/2011,1.087084405,2.559202444,1.84324902,-0.875435075
03/11/2011,-0.011580398,0.546549846,2.103897759,0.216640409
04/11/2011,0.201395302,1.736634892,-0.418255725,-1.477440247
05/11/2011,1.781874407,1.58617351,-0.243894146,-0.327234347
06/11/2011,-1.650491207,-1.628589117,0.586590967,-1.426709954
07/11/2011,-1.270433082,1.881856607,0.583717707,-1.931481038
08/11/2011,1.00918296,1.930716246,1.185720354,-0.11899278
09/11/2011,-1.23406444,-1.155146806,2.236716501,0.144603874
10/11/2011,-0.295952789,2.900510758,2.45081032,-1.965982808
11/11/2011,0.341786413,1.724697582,1.355741524,0.592327146
12/11/2011,1.041586456,-0.972763161,-1.664423656,-1.727429114
13/11/2011,1.446369616,1.711352003,-0.518308268,1.226560912
14/11/2011,-0.697820372,0.232056045,-0.301645395,0.908003434
15/11/2011,2.00975693,1.604581168,1.81854854,1.213903877
16/11/2011,1.472703638,-0.827278248,-0.319623083,2.234241264
17/11/2011,2.674038064,-0.687197252,1.466440004,1.69537416
18/11/2011,0.856447274,2.86886224,-1.352715956,-1.448163627
19/11/2011,2.001448599,1.469944209,-0.705480866,-1.893129036
20/11/2011,0.176984857,0.558049757,2.488233895,2.44741911
21/11/2011,2.238031136,-0.701870374,-0.628801445,-0.475593736
22/11/2011,-0.812141583,1.911588537,2.550770161,2.190211454
23/11/2011,1.262718257,2.220973433,2.422232983,-1.762623003
24/11/2011,2.766010549,-1.233818706,2.291010397,0.392287721
25/11/2011,2.006660796,-1.174851622,0.138052568,-1.011486489
26/11/2011,0.88077654,-1.2730548,0.247451641,0.984758873
27/11/2011,-0.802834783,-0.611091493,0.854801177,1.513576961
28/11/2011,-0.764013133,-0.601123987,0.485585757,1.005441082
29/11/2011,2.287436096,-1.654232585,-1.950751685,-0.852176633
30/11/2011,0.442589688,-0.949959318,-1.130007207,0.509402228
01/12/2011,1.427830124,1.768005951,-0.740222317,-0.816813704
02/12/2011,-0.848213907,-1.147863619,-1.791778303,0.016374384
03/12/2011,-1.082062498,1.584123883,2.366652527,1.925093023
04/12/2011,-1.665887843,2.90822827,2.361215975,-1.967548733
05/12/2011,2.937898923,0.469413266,-0.222053014,-0.042645553
06/12/2011,2.640521424,1.343551421,-0.708985146,-0.587841326
07/12/2011,1.080462186,0.147543802,0.289398801,0.250691579
08/12/2011,-0.867309411,0.516002473,0.415378683,-0.002348897
09/12/2011,1.789674999,-1.053966494,0.04058864,-0.04519072
10/12/2011,-0.040875753,1.89940927,-1.902927142,1.467995263
11/12/2011,2.327179257,1.416662992,-0.868837009,-0.161460604
12/12/2011,-0.535488841,2.662738735,-1.787400479,0.479027388
13/12/2011,1.608786903,0.798602391,1.247179178,0.809542557
14/12/2011,-0.775513165,1.685860157,2.492646399,0.293435964
15/12/2011,2.388562015,-1.167924219,-1.150289021,1.922455518
16/12/2011,1.115783673,2.45088957,-1.157783141,1.209572623
17/12/2011,2.1196473,-1.406812487,-0.519105987,-1.288324748
18/12/2011,-0.708118298,1.006464179,-0.459501994,-0.317621421
19/12/2011,1.447372148,-1.185592417,2.497495041,1.781758211
20/12/2011,0.874055841,0.780872644,0.552783254,-0.213150812
21/12/2011,-1.951122179,-1.498796923,0.986805463,-1.194941203
22/12/2011,-1.06785857,0.673197917,1.202265131,1.990529125
23/12/2011,0.230149583,1.145343556,2.557837059,1.707835572
24/12/2011,1.496972755,1.566258008,0.5127272,-1.25562821
25/12/2011,-1.909625633,1.119805101,-0.11647056,-0.879425888
26/12/2011,-1.80456558,0.254078528,-1.49964839,0.773660668
27/12/2011,1.469493414,2.579464793,-0.6033723,-0.594788046
28/12/2011,2.803157254,1.949625345,2.695217482,2.860753514
29/12/2011,0.523914664,-0.595902047,-0.225307019,0.7769916
30/12/2011,2.193424075,-1.965242582,1.300489889,2.489836364
31/12/2011,0.359078826,1.118952566,0.960251336,1.0594522
01/01/2012,0.633087361,2.678961397,1.629923251,0.222975152
02/01/2012,-0.508471629,-1.333159554,-1.575209388,-1.857733165
03/01/2012,2.316556744,0.946076784,2.32797982,-0.387461342
04/01/2012,0.103157421,-1.055103979,-0.462933487,0.558929321
05/01/2012,-1.491577047,0.030273819,-1.403403223,1.662848274
06/01/2012,-1.865132214,-0.206865291,0.893773236,0.963371154
07/01/2012,2.794626033,1.242416542,-0.497509801,-1.140154802
08/01/2012,2.531232684,-1.70350638,0.020784652,2.029748992
09/01/2012,-1.971498185,-0.358712176,-1.084371884,-1.886189888
10/01/2012,1.252413545,-0.942272523,-0.532970445,0.712588333
11/01/2012,0.223096267,2.520654505,-1.693191293,-1.421173132
12/01/2012,1.418608578,1.682031318,-0.650946169,-0.700684889
13/01/2012,-0.222385111,-0.436714373,0.544276587,2.074934072
14/01/2012,-1.79089242,-0.039433439,-0.889946162,-0.357022437
15/01/2012,-0.151973192,2.390118193,2.794109132,-0.884182695
16/01/2012,2.563889023,0.438075012,0.459541234,-1.020682259
17/01/2012,1.293176121,2.365453654,-0.442882129,1.301707582
18/01/2012,0.536584388,2.478613362,-0.860814947,0.588659499
19/01/2012,2.612178753,2.340313563,2.045826239,0.448054297
20/01/2012,1.400501711,2.392523161,-1.345577665,2.279252022
21/01/2012,-0.116695001,2.137845196,1.243269805,2.972261857
22/01/2012,-0.792482256,-1.016065378,-1.68919295,-0.691671522
23/01/2012,-0.007798509,2.61323553,-1.109356159,1.833441059
24/01/2012,2.528874411,1.570468683,2.504081069,2.293619837
25/01/2012,-0.848775125,2.257849597,-1.497671287,-0.687601032
26/01/2012,-0.944668605,0.763195699,1.088324246,-1.258666108
27/01/2012,1.190381464,-0.196368639,-0.568053603,2.853434453
28/01/2012,-0.467624397,1.734072303,1.985128526,-0.492836376
29/01/2012,-0.197051425,0.151045764,-1.676627245,2.610300006
30/01/2012,-1.540326835,2.186809726,2.137298064,2.393107912
31/01/2012,0.459077202,-1.485358453,-1.589012877,0.359900475
01/02/2012,-1.278037881,-0.128789096,1.251687266,2.691004048
02/02/2012,0.546687776,-1.442845632,2.039022002,1.419590533
03/02/2012,-1.600750756,1.307332578,2.131195253,0.460681521
04/02/2012,0.833936955,0.458199807,2.958403711,-0.62937355
05/02/2012,0.768707563,2.104674637,-0.12700821,0.451302035
06/02/2012,-0.493229077,2.362858062,-0.745581788,0.456144432
07/02/2012,-0.825562118,1.800131363,0.395510683,2.36326411
08/02/2012,-1.022854567,0.875707601,1.869445709,2.874911531
09/02/2012,-1.268943599,2.827275598,1.684886093,0.032314425
10/02/2012,-0.186545408,-1.969063267,-1.49201081,1.371733544
11/02/2012,1.995359501,0.951488717,1.436966694,-0.461339581
12/02/2012,0.439728535,1.006132562,1.773779682,0.147281894
13/02/2012,1.631673465,1.40401814,-1.552903305,1.28671543
14/02/2012,1.175098652,-1.617280079,-0.086822147,-0.363491877
15/02/2012,1.911388396,-0.342207927,-1.668216986,2.055231767
16/02/2012,0.075917784,2.769247782,0.721503766,1.430741046
17/02/2012,0.127356708,-1.377197899,0.096752776,-0.162627775
18/02/2012,2.251946276,-1.923929708,-0.655654042,2.365056007
19/02/2012,-0.221534001,-0.767621602,-0.218373499,-1.071515041
20/02/2012,2.875579976,1.869228035,0.979107973,2.720344519
21/02/2012,-0.963365465,1.824011588,1.383433355,1.125527302
22/02/2012,2.84090028,-1.179724259,1.481688307,0.797337256
23/02/2012,-0.655649983,0.609916371,-1.688715952,2.409100543
24/02/2012,-1.07339515,1.683728133,0.387481182,-0.702505097
25/02/2012,2.765650658,-1.490616677,-0.370742932,1.956660192
26/02/2012,-0.467719955,2.467636159,2.785751426,1.006927977
27/02/2012,0.924803623,2.014056629,0.445233283,-0.28829501
28/02/2012,-1.221276122,0.68402471,2.341204724,-0.109684249
29/02/2012,-1.725432713,-1.451012153,-1.101880819,-0.617910753
01/03/2012,1.06390307,-0.570560345,1.595837654,-0.834746881
02/03/2012,-0.734667194,0.558986708,0.353270611,2.83856047
03/03/2012,2.822883539,-0.306201027,2.370073877,-0.181765669
04/03/2012,0.578614488,-0.777451437,1.09668035,1.886599843
05/03/2012,-1.408712284,1.016629654,1.79294889,1.949842767
06/03/2012,-1.814973259,1.287121346,-1.036693401,1.583972555
07/03/2012,-0.158133841,2.77474115,1.12856014,-0.028031646
08/03/2012,0.886338979,0.059505523,-0.398550058,-1.342562045
09/03/2012,-1.700858357,-0.442444192,1.417025261,1.746347474
10/03/2012,0.221473271,-1.118378146,2.418517051,0.384012147
11/03/2012,-1.884104984,-1.126603084,-0.090213092,2.519215198
12/03/2012,-0.346071934,-0.201996521,1.569210978,-1.358162111
13/03/2012,2.01106114,-1.421258216,-0.313340265,-1.668822229
14/03/2012,1.529044691,0.118644781,-1.002630061,0.131395132
15/03/2012,-1.849175814,0.674182376,2.126898793,-0.001305438
16/03/2012,0.421884555,2.919756229,1.830220927,0.66082739
17/03/2012,-0.898760404,2.826042655,1.19259153,-0.427158212
18/03/2012,-0.927807327,-0.405030714,-0.610027798,0.41711791
19/03/2012,-0.540466988,2.583516185,-0.703811089,-0.200668786
20/03/2012,-1.924913061,1.777884524,1.572875814,0.371357644
21/03/2012,2.527007327,-1.813647766,1.737016069,0.194416239
22/03/2012,-0.198863372,0.973469581,-1.043970979,0.675240449
23/03/2012,-1.451899401,1.517462724,-1.925888662,2.113293205
24/03/2012,-1.546601546,-1.187435261,2.785872909,-1.182754587
25/03/2012,1.031822098,-1.613377636,2.268547595,-1.654796338
26/03/2012,1.727661563,1.161131022,-1.234430198,1.122348137
27/03/2012,0.724044878,1.948958195,-0.786217576,-0.240869814
28/03/2012,2.561147425,-0.93115964,0.535877911,-0.359993096
29/03/2012,1.649284633,-1.729635813,2.256247358,0.230876786
30/03/2012,0.800008563,2.301893372,1.283029762,0.671110302
31/03/2012,1.641741323,0.506186451,2.483890492,-0.74463594
01/04/2012,0.368352703,-1.296317796,0.346894313,0.017611583
02/04/2012,1.961252968,-1.744140761,-1.215110403,1.788465647
03/04/2012,-1.777891267,-1.451102698,0.481311034,1.738709467
04/04/2012,-1.690102216,0.219188252,-1.692205215,2.044925656
05/04/2012,2.230283971,0.972807891,-0.544112669,-0.99247128
06/04/2012,-0.239258308,0.213407054,-0.544249749,1.885670342
07/04/2012,0.835025549,1.991089453,-0.120491148,-1.843041468
08/04/2012,2.062669306,2.562517988,-0.259370304,-1.817244528
09/04/2012,-0.614605229,-0.612540122,1.935320246,-1.293047345
10/04/2012,2.743045899,0.133995844,2.539532901,2.784626911
11/04/2012,-0.972799178,-0.542754633,-1.651711009,0.528958437
12/04/2012,-1.505602416,-1.524104179,0.302910652,0.824349769
13/04/2012,0.541962986,-0.045535893,-1.980138397,-0.992102814
14/04/2012,1.58915156,2.070237336,2.84319423,-0.478192493
15/04/2012,-1.198422853,-0.487585894,0.530395106,1.51380923
16/04/2012,1.251942791,0.337151014,-0.527650172,2.573671547
17/04/2012,0.081479334,1.670044534,2.448725632,2.308359632
18/04/2012,-0.208752662,0.973056773,-0.984806969,0.592156517
19/04/2012,0.70650167,-1.083319558,1.363177617,1.152936407
20/04/2012,-0.091819661,2.002287361,-1.570466406,2.033033058
21/04/2012,-1.007300464,-1.820308513,1.627587931,-1.944503199
22/04/2012,-0.087947216,1.761307924,0.117005236,2.607436943
23/04/2012,2.763657771,0.062018844,-1.71849295,-0.330075842
24/04/2012,1.679886738,-0.856281996,2.228827192,1.937841825
25/04/2012,1.54291921,1.154431276,-1.844602346,-0.682354151
26/04/2012,-0.569901387,2.303828019,2.54628277,-0.958233528
27/04/2012,0.799976381,-1.163629269,-0.940521558,-1.985966483
28/04/2012,2.660987091,0.426925062,1.642958978,-0.402932147
29/04/2012,1.103158485,-1.070959138,-0.252143627,1.473575844
30/04/2012,2.841255539,1.886749302,0.912302837,0.144387337
01/05/2012,-1.541748989,2.637074133,1.171761479,-1.42592992
02/05/2012,0.974182721,-1.587956242,-1.422394142,-1.217648478
03/05/2012,-1.952422399,-0.349079009,-0.447641229,0.509881652
04/05/2012,0.738909093,-1.261870011,0.223106941,1.113291638
05/05/2012,-0.968077124,-0.398482682,-1.531778379,2.625275583
06/05/2012,0.082952978,0.986271821,-0.936150604,0.570956571
07/05/2012,2.803880523,-0.099421216,0.647798776,0.423985082
08/05/2012,-0.39872679,2.261042745,-1.533010742,0.748739214
09/05/2012,-0.076033527,0.070507633,-0.641485663,-1.874150187
10/05/2012,2.038799626,2.497688179,-0.286782581,-1.530714201
11/05/2012,-1.884113201,1.688384747,0.743978115,1.658631308
12/05/2012,-0.338964503,2.762726393,-0.324175865,1.281213635
13/05/2012,-1.706699816,2.498243305,0.199992887,1.717653397
14/05/2012,1.327766599,0.99422795,-0.554652626,-1.729120786
15/05/2012,0.27262725,-0.237704584,1.968909649,1.099863518
16/05/2012,0.707883491,-1.590204266,0.318352796,-1.776724694
17/05/2012,-1.198957926,1.249827931,-1.297362536,2.448211062
18/05/2012,-1.242171794,1.692338548,1.663010229,1.786631277
19/05/2012,2.820973726,2.567446458,0.047435816,-0.599080106
20/05/2012,0.067420201,1.749038079,-0.492807198,1.361092533
21/05/2012,2.385349922,-0.076527357,0.788586493,2.532943485
22/05/2012,-0.964754897,0.367347141,-0.198341443,0.034678016
23/05/2012,1.30913957,-0.450896195,2.982751425,0.68192389
24/05/2012,-0.663340076,1.715116772,-0.687970321,2.659706245
25/05/2012,0.305934758,1.076681602,0.969552767,1.358638358
26/05/2012,2.646202045,-0.188742305,-1.831850423,2.90582617
27/05/2012,0.644355298,0.258342265,-1.564973364,-1.135878859
28/05/2012,1.064141781,2.85681501,2.367008389,-1.152576753
29/05/2012,2.549446533,-1.202472377,-1.178943662,0.281873341
30/05/2012,-0.080424692,0.813757886,-1.781002309,-1.619828673
31/05/2012,-1.702645332,0.375855472,-1.527789934,0.398526704
01/06/2012,-0.920493538,-1.996508773,0.256692934,2.186873491
02/06/2012,1.431459476,2.313263249,-0.085416568,0.553328055
03/06/2012,1.120640904,0.629555636,-0.60458108,2.885127287
04/06/2012,2.730028671,0.530697955,-1.703948795,2.135032099
05/06/2012,0.937145882,-0.043659109,2.8153953,-0.322682324
06/06/2012,1.204370927,2.755970615,-0.594690792,-0.270363445
07/06/2012,0.193074224,2.892233716,-0.397673176,0.896035411
08/06/2012,-1.053145531,1.862460417,-1.434764948,-0.624810661
09/06/2012,2.103894377,-1.441237755,2.52236368,1.182813455
10/06/2012,1.469648851,0.571851132,0.084214715,1.404220651
11/06/2012,-0.972530267,-0.591519444,-1.990926368,1.544694573
12/06/2012,-1.969473866,2.262358892,1.660889389,-1.738064262
13/06/2012,0.234949271,-1.535700073,1.370756681,-1.701267288
14/06/2012,0.70120145,2.407569862,2.157603824,1.711347783
15/06/2012,-1.442960661,-0.526330932,-0.797588298,2.029605137
16/06/2012,1.692780524,1.565976875,-1.670518893,-0.647150172
17/06/2012,2.111998021,1.867782971,0.90830445,2.368936314
18/06/2012,-1.377323851,0.17035747,2.515396364,2.861512654
19/06/2012,-0.865704057,-0.927569172,0.206703714,-1.300663532
20/06/2012,1.527360995,-1.812708972,2.422771102,-1.429048474
21/06/2012,-0.673410644,1.568146773,-0.701194509,0.628754575
22/06/2012,2.174602261,-0.22130428,-0.894794939,2.139650215
23/06/2012,-0.903210756,-1.092454038,2.585506943,-1.520457881
24/06/2012,0.180212972,-1.41716721,2.464897197,-1.484731999
25/06/2012,0.789174217,2.823669383,-0.722128721,2.818988762
26/06/2012,1.127928773,-1.211962721,0.362318852,2.86945783
27/06/2012,-0.006275779,2.583059141,0.269105917,-1.078767409
28/06/2012,-0.027784154,0.524782616,-1.610002783,-1.488121628
29/06/2012,0.886259962,1.813382005,2.906457411,-1.420110408
30/06/2012,0.862644422,-0.841852038,-0.969284719,-1.987555487
01/07/2012,1.575334484,-0.630424264,0.740781883,1.22460919
02/07/2012,-1.857484677,0.385333709,-0.493340676,-1.428467262
03/07/2012,1.363343403,-0.84211522,-1.386560072,2.253162132
04/07/2012,0.632894629,0.101682681,-0.573941198,1.873389284
05/07/2012,2.285977549,2.924842183,2.387579282,1.241300835
06/07/2012,-1.492439488,0.951066245,1.261336647,1.427098741
07/07/2012,2.880190222,-1.588512871,-0.257207094,-1.501101978
08/07/2012,-0.468582493,-0.668752168,0.937977382,0.719344858
09/07/2012,-0.729308707,2.778943617,1.939351657,0.035493797
10/07/2012,-1.002029965,0.003190388,0.544094619,-1.67585542
11/07/2012,-0.607188777,0.630172681,0.052769094,1.540468698
12/07/2012,0.456067787,2.057220682,-1.195081946,2.19188263
13/07/2012,-0.064662559,-1.879906233,0.64748357,0.937585434
14/07/2012,-1.010533342,-1.714006884,-1.373710157,0.910693531
15/07/2012,-0.647191608,1.57751535,1.666137392,0.805312552
16/07/2012,0.806722865,1.510050272,-1.437200685,2.197337345
17/07/2012,2.674769495,-1.30223062,2.545505245,-1.03508591
18/07/2012,0.261240978,0.425082127,0.776166167,-0.781369209
19/07/2012,-1.922476219,1.938966173,-0.108014751,0.226181344
20/07/2012,0.486804805,1.617696287,-1.486020951,2.03576018
21/07/2012,1.384061482,2.269822455,1.597028196,0.465370698
22/07/2012,-0.185097956,0.484526353,2.43863357,-1.58024033
23/07/2012,1.697883878,-0.97236377,-1.021105522,1.637862028
24/07/2012,1.550766412,-0.613473064,-0.784545319,0.937428865
25/07/2012,-1.157544481,1.898076267,0.716805237,1.865420609
26/07/2012,2.53591491,1.883501425,0.775927558,-0.976838463
27/07/2012,-0.52757488,1.844182341,1.600715974,-0.633400233
28/07/2012,0.454267713,-0.823732242,-1.566959715,-0.247852472
29/07/2012,2.593583562,2.913427048,0.871730431,2.439095421
30/07/2012,0.218954553,0.590755202,-1.68657043,2.540768773
31/07/2012,2.402745167,-0.452631733,-1.900129488,-1.37810265
01/08/2012,0.182237036,0.532776925,-0.048995971,-1.839540609
02/08/2012,0.137084358,-1.719334962,1.982832284,2.345784827
03/08/2012,-1.263175591,0.057687707,0.094470395,-1.24676527
04/08/2012,0.641449977,2.609353934,-0.266404781,1.82400762
05/08/2012,1.761818111,1.978069722,-1.686202267,-0.803536241
06/08/2012,-0.327191323,-1.114413167,-0.355042085,2.707603767
07/08/2012,0.697251756,2.491942189,1.846810451,0.741865856
08/08/2012,-1.343457506,1.465059034,1.276692574,2.638612788
09/08/2012,-0.630623018,1.876404116,2.836342294,-1.115933765
10/08/2012,-0.43362083,0.986637253,2.19933021,2.33418576
11/08/2012,-1.379389577,2.061688279,2.31217996,2.720658193
12/08/2012,1.952232393,-1.380149549,-0.57085036,2.142761816
13/08/2012,-0.824553208,2.624889207,0.079266462,2.89941529
14/08/2012,-0.636513543,-1.428563295,-1.102143957,1.093121807
15/08/2012,1.481574294,0.937132096,2.656622571,-0.022054883
16/08/2012,0.990643222,2.132791623,1.502965991,-1.788032776
17/08/2012,2.925173815,0.153631837,-1.946670016,1.929548698
18/08/2012,1.094947935,2.670137306,0.149103694,-1.080501632
19/08/2012,0.881250256,-1.078864015,1.185607117,0.366582593
20/08/2012,0.657168281,0.334947798,1.256028956,-1.59927723
21/08/2012,2.247832944,0.939516611,2.75281126,2.275591565
22/08/2012,1.952429885,2.771969024,-1.897161024,0.924204425
23/08/2012,1.402479081,1.935454966,-1.952335144,1.656347567
24/08/2012,1.09221233,-1.250072557,1.532765934,1.361303719
25/08/2012,2.634479167,-0.357419183,1.359102009,1.986021135
26/08/2012,-0.503644354,-1.557359136,2.87747528,-1.873699449
27/08/2012,-1.296649831,1.474346352,-0.148854681,0.690558418
28/08/2012,2.151905025,2.38020597,2.346876037,2.230301018
29/08/2012,-1.234689577,2.684395064,-0.396977972,2.710518816
30/08/2012,-1.623657962,2.239159238,0.149729963,1.17484655
31/08/2012,2.194812167,0.61553417,-0.455412621,2.965736842
01/09/2012,-0.15112778,-0.784497449,-1.922389701,2.028590192
02/09/2012,1.811145561,2.891036639,2.857326552,2.328450971
03/09/2012,0.352724843,1.601159802,0.92184037,-1.961017193
04/09/2012,1.514571641,-1.984550511,0.044578698,0.417877511
05/09/2012,-0.078342319,2.220940193,0.438507292,2.683519783
06/09/2012,2.098343598,1.825711803,2.344729425,1.829813467
07/09/2012,2.73209897,-0.242226354,2.01732767,-1.54875595
08/09/2012,-1.902186018,2.530079147,-0.949344115,2.708919137
09/09/2012,-0.203996876,2.231709836,-0.152105819,-1.142077341
10/09/2012,-1.971006443,-0.885563837,-0.722760754,0.79028762
11/09/2012,1.601208084,-1.888132439,1.431569956,0.395794916
12/09/2012,-1.917348835,-1.793776667,-0.062794184,-0.6236273
13/09/2012,1.50760002,2.376619168,2.009705988,0.015351978
14/09/2012,-0.462462038,-1.640574643,0.408506269,1.643604051
15/09/2012,1.10138482,-0.395861704,2.386055876,-1.463603192
16/09/2012,0.105944831,1.989371538,1.932109852,-0.189914032
17/09/2012,2.117609716,-0.858050819,1.41914415,-1.241880994
18/09/2012,-0.028900995,0.322901168,0.365516383,-0.182987821
19/09/2012,2.858774325,1.521113497,2.263307871,-0.021628629
20/09/2012,1.033142262,2.399454871,-0.860325745,1.171788361
21/09/2012,1.874836036,2.39257581,0.535187414,-1.145461531
22/09/2012,0.107814984,-1.155699075,0.898029193,-0.696018295
23/09/2012,0.165259481,-1.798920732,1.330858116,-1.211750041
24/09/2012,0.432151942,2.832545392,2.729913274,0.629005769
25/09/2012,2.366503733,0.439274544,1.589275253,1.459502174
26/09/2012,-0.590918963,0.299234878,2.9991917,1.095425304
